Date,ID,Frequency,Age,Sex,Sale,Prefecture,Area,Category
2018/9/23,1,1,65,Male,28649,Chiba,Kanto,Furniture
2018/1/8,2,1,45,Male,11466,Wakayama,Kansai,Commodity
2018/2/8,2,2,45,Male,10428,Hyogo,Kansai,Commodity
2018/3/7,2,3,45,Male,9510,Saitama,Kanto,Commodity
2018/3/10,2,4,45,Male,2706,Osaka,Kansai,Office Supplies
2018/5/8,2,5,45,Male,11040,Tokyo,Kanto,Furniture
2018/5/25,2,6,45,Male,6475,Shizuoka,Tyubu,Office Supplies
2018/7/25,2,7,45,Male,24254,Tokyo,Kanto,Furniture
2018/9/23,2,8,45,Male,3989,Hukushima,Touhoku,Office Supplies
2018/11/29,3,1,49,Male,105,Kagoshima,Kyusyuu,Office Supplies
2018/3/4,4,1,49,Male,561,Nara,Kansai,Office Supplies
2018/1/22,5,1,69,Male,20186,Tochigi,Kanto,Furniture
2018/3/26,5,2,69,Male,1585,Hukuoka,Kyusyuu,Office Supplies
2018/4/11,5,3,69,Male,14953,Hukushima,Touhoku,Commodity
2018/4/20,5,4,69,Male,6232,Aichi,Tyubu,Furniture
2018/5/12,5,5,69,Male,19064,Ibaraki,Kanto,Commodity
2018/7/20,5,6,69,Male,28246,Miyagi,Kyusyuu,Furniture
2018/12/20,6,1,69,Male,5519,Kagoshima,Kyusyuu,Office Supplies
2018/12/17,7,1,40,Male,9372,Akita,Touhoku,Commodity
2018/12/17,8,1,40,Male,3871,Hukushima,Touhoku,Office Supplies
2018/8/9,9,1,40,Male,2190,Hiroshima,Tyugoku,Office Supplies
2018/4/9,10,1,40,Female,1210,Hukushima,Touhoku,Commodity
2018/3/9,11,1,51,Male,23610,Nara,Kansai,Commodity
2018/3/20,12,1,61,Male,2112,Saitama,Kanto,Commodity
2018/1/28,13,1,41,Male,22456,Kanagawa,Kanto,Commodity
2018/12/10,14,1,66,Female,19411,Hiroshima,Tyugoku,Furniture
2018/8/20,15,1,43,Female,80647,Hukuoka,Kyusyuu,Furniture
2018/3/27,16,1,58,Female,2830,Hokkaido,Hokkaido,Office Supplies
2018/9/25,17,1,62,Female,10300,Hukui,Tyubu,Furniture
2018/7/28,18,1,22,Female,32344,Osaka,Kansai,Commodity
2018/8/14,19,1,48,Male,2365,Shizuoka,Tyubu,Office Supplies
2018/6/19,20,1,68,Male,5588,Hukushima,Touhoku,Commodity
2018/10/20,21,1,67,Female,13105,Kagoshima,Kyusyuu,Furniture
2018/8/19,22,1,48,Male,1348,Hyogo,Kansai,Office Supplies
2018/4/7,23,1,48,Male,6308,Akita,Touhoku,Commodity
2018/1/8,24,1,27,Female,1800,Tokyo,Kanto,Commodity
2018/12/22,25,1,27,Female,4389,Yamaguchi,Tyugoku,Commodity
2018/10/3,26,1,51,Female,20146,Nagasaki,Kyusyuu,Furniture
2018/4/18,27,1,51,Female,11130,Hiroshima,Tyugoku,Commodity
2018/2/3,28,1,51,Male,1646,Ehime,Shikoku,Office Supplies
2018/8/22,28,2,51,Male,82958,Ehime,Shikoku,Commodity
2018/9/19,28,3,51,Male,6254,Yamaguchi,Tyugoku,Office Supplies
2018/9/19,28,4,51,Male,5460,Hyogo,Kansai,Commodity
2018/10/3,28,5,51,Male,2410,Aichi,Tyubu,Commodity
2018/10/13,28,6,51,Male,6096,Iwate,Touhoku,Office Supplies
2018/3/8,29,1,28,Male,46269,Tochigi,Kanto,Commodity
2018/9/14,29,2,28,Male,2729,Shizuoka,Tyubu,Office Supplies
2018/3/5,30,1,61,Female,35259,Saitama,Kanto,Commodity
2018/3/7,30,2,61,Female,2192,Hukuoka,Kyusyuu,Furniture
2018/7/12,30,3,61,Female,1560,Okayama,Tyugoku,Office Supplies
2018/9/24,30,4,61,Female,38720,Osaka,Kansai,Furniture
2018/10/17,30,5,61,Female,4847,Hukushima,Touhoku,Office Supplies
2018/12/31,30,6,61,Female,11219,Shiga,Kansai,Commodity
2018/10/5,31,1,53,Male,25950,Tottori,Tyugoku,Commodity
2018/12/6,31,2,53,Male,33668,Shiga,Kansai,Commodity
2018/2/1,32,1,31,Male,6691,Osaka,Kansai,Furniture
2018/4/3,32,2,31,Male,1597,Mie,Kansai,Commodity
2018/5/6,32,3,31,Male,14727,Aichi,Tyubu,Furniture
2018/7/10,32,4,31,Male,2396,Hukuoka,Kyusyuu,Office Supplies
2018/4/3,33,1,53,Male,3969,Yamagata,Touhoku,Office Supplies
2018/7/11,34,1,53,Male,15888,Shizuoka,Tyubu,Commodity
2018/2/23,35,1,53,Male,274,Hukuoka,Kyusyuu,Office Supplies
2018/5/18,36,1,53,Male,1779,Yamagata,Touhoku,Office Supplies
2018/1/20,37,1,51,Male,15884,Nara,Kansai,Furniture
2018/3/27,38,1,24,Male,10286,Aomori,Touhoku,Furniture
2018/11/1,39,1,28,Male,475,Mie,Kansai,Office Supplies
2018/4/13,40,1,68,Male,8780,Yamaguchi,Tyugoku,Furniture
2018/3/12,41,1,68,Male,71,Saitama,Kanto,Office Supplies
2018/2/25,42,1,23,Female,364,Gihu,Tyubu,Office Supplies
2018/5/7,43,1,57,Male,75847,Gihu,Tyubu,Furniture
2018/2/17,44,1,23,Female,14168,Saga,Kyusyuu,Commodity
2018/3/5,45,1,23,Female,11932,Niigata,Tyubu,Furniture
2018/8/15,45,2,67,Female,4973,Kanagawa,Kanto,Office Supplies
2018/1/1,46,1,23,Female,22977,Hukushima,Touhoku,Commodity
2018/6/16,47,1,57,Male,77798,Tochigi,Kanto,Furniture
2018/1/9,48,1,46,Male,30480,Hiroshima,Tyugoku,Commodity
2018/6/7,48,2,46,Male,242,Yamagata,Touhoku,Office Supplies
2018/12/19,49,1,27,Male,5349,Chiba,Kanto,Office Supplies
2018/8/11,50,1,27,Male,5476,Oita,Kyusyuu,Furniture
2018/5/31,51,1,27,Male,2626,Hokkaido,Hokkaido,Office Supplies
2018/2/13,52,1,27,Male,4469,Hokkaido,Hokkaido,Office Supplies
2018/12/2,53,1,45,Male,14636,Miyagi,Kyusyuu,Commodity
2018/4/4,54,1,45,Male,1624,Ibaraki,Kanto,Office Supplies
2018/11/12,55,1,25,Female,-420,Mie,Kansai,Office Supplies
2018/5/1,56,1,44,Male,2269,Miyagi,Kyusyuu,Office Supplies
2018/6/27,57,1,65,Male,1699,Ehime,Shikoku,Office Supplies
2018/7/29,58,1,35,Male,3578,Kanagawa,Kanto,Furniture
2018/6/28,59,1,35,Male,1664,Nara,Kansai,Office Supplies
2018/6/28,60,1,65,Female,1709,Kyoto,Kansai,Office Supplies
2018/10/21,61,1,44,Male,3962,Ibaraki,Kanto,Office Supplies
2018/3/7,62,1,44,Male,24899,Chiba,Kanto,Commodity
2018/8/30,62,2,44,Male,48411,Ehime,Shikoku,Furniture
2018/9/5,63,1,64,Male,4088,Hyogo,Kansai,Office Supplies
2018/8/5,64,1,32,Male,53423,Gihu,Tyubu,Furniture
2018/2/13,65,1,32,Male,6728,Shimane,Tyugoku,Commodity
2018/5/14,66,1,32,Male,3057,Aichi,Tyubu,Office Supplies
2018/5/21,67,1,66,Female,3245,Gihu,Tyubu,Commodity
2018/2/19,68,1,33,Male,2199,Hokkaido,Hokkaido,Commodity
2018/1/20,69,1,68,Male,1223,Gihu,Tyubu,Office Supplies
2018/5/21,70,1,66,Male,5856,Gihu,Tyubu,Office Supplies
2018/1/10,71,1,38,Male,2524,Osaka,Kansai,Office Supplies
2018/6/2,72,1,48,Male,8755,Chiba,Kanto,Commodity
2018/1/12,73,1,38,Female,27994,Shiga,Kansai,Furniture
2018/5/21,74,1,56,Male,5388,Hukui,Tyubu,Office Supplies
2018/4/25,75,1,33,Male,11855,Saitama,Kanto,Commodity
2018/5/21,76,1,33,Male,3552,Saga,Kyusyuu,Office Supplies
2018/11/1,77,1,54,Male,-823,Miyagi,Touhoku,Office Supplies
2018/4/7,78,1,65,Male,15064,Tokyo,Kanto,Furniture
2018/12/9,79,1,65,Male,12233,Hiroshima,Tyugoku,Furniture
2018/9/29,80,1,65,Male,3443,Ishikawa,Tyubu,Office Supplies
2018/9/29,81,1,65,Male,16486,Hokkaido,Hokkaido,Office Supplies
2018/1/26,82,1,32,Male,8535,Kyoto,Kansai,Commodity
2018/4/11,83,1,42,Male,29035,Shizuoka,Tyubu,Commodity
2018/4/2,84,1,32,Male,1686,Hukushima,Touhoku,Office Supplies
2018/11/6,85,1,66,Male,12935,Ibaraki,Kanto,Office Supplies
2018/2/15,86,1,38,Female,630,Miyagi,Kyusyuu,Office Supplies
2018/1/6,87,1,38,Female,37255,Saitama,Kanto,Commodity
2018/7/2,87,2,38,Female,1759,Chiba,Kanto,Office Supplies
2018/6/1,88,1,35,Male,7111,Wakayama,Kansai,Office Supplies
2018/1/5,89,1,45,Female,24179,Aichi,Tyubu,Furniture
2018/4/19,90,1,20,Male,9647,Saitama,Kanto,Commodity
2018/1/6,91,1,45,Male,18235,Saitama,Kanto,Furniture
2018/6/29,92,1,45,Male,10303,Ishikawa,Tyubu,Commodity
2018/3/20,93,1,20,Male,13601,Hyogo,Kansai,Commodity
2018/6/1,94,1,20,Female,20910,Osaka,Kansai,Furniture
2018/1/16,95,1,24,Male,17800,Hukuoka,Kyusyuu,Commodity
2018/12/13,96,1,22,Female,8394,Nagono,Tyubu,Office Supplies
2018/7/3,97,1,22,Female,1304,Kagawa,Shikoku,Office Supplies
2018/6/30,98,1,41,Male,2402,Ehime,Shikoku,Commodity
2018/9/20,98,2,41,Male,4535,Hyogo,Kansai,Office Supplies
2018/3/14,99,1,22,Female,2891,Aichi,Tyubu,Office Supplies
2018/12/10,100,1,22,Female,20668,Nara,Kansai,Furniture
2018/8/26,101,1,56,Male,3367,Aichi,Tyubu,Furniture
2018/9/2,101,2,56,Male,2511,Iwate,Touhoku,Office Supplies
2018/5/22,102,1,64,Male,2728,Aichi,Tyubu,Office Supplies
2018/9/22,103,1,54,Male,3778,Saitama,Kanto,Office Supplies
2018/9/13,104,1,44,Male,14302,Shizuoka,Tyubu,Furniture
2018/2/6,105,1,40,Male,3007,Hukuoka,Kyusyuu,Office Supplies
2018/3/1,105,2,40,Male,4736,Mie,Kansai,Office Supplies
2018/6/25,105,3,40,Male,4348,Okayama,Tyugoku,Office Supplies
2018/10/9,105,4,40,Male,3359,Oita,Kyusyuu,Commodity
2018/11/1,105,5,40,Male,18041,Saitama,Kanto,Commodity
2018/12/9,105,6,40,Male,2649,Saitama,Kanto,Office Supplies
2018/5/22,106,1,64,Female,1262,Hokkaido,Hokkaido,Office Supplies
2018/4/24,107,1,62,Female,1995,Hukushima,Touhoku,Furniture
2018/6/17,107,2,62,Female,731,Niigata,Tyubu,Office Supplies
2018/6/14,108,1,30,Female,2862,Kyoto,Kansai,Office Supplies
2018/10/25,109,1,30,Male,31330,Chiba,Kanto,Furniture
2018/5/16,110,1,30,Female,5441,Hiroshima,Tyugoku,Furniture
2018/3/22,111,1,30,Male,7357,Hukui,Tyubu,Office Supplies
2018/11/1,112,1,66,Male,23126,Yamaguchi,Tyugoku,Furniture
2018/7/12,113,1,66,Male,3245,Hokkaido,Hokkaido,Office Supplies
2018/11/1,114,1,66,Male,5928,Chiba,Kanto,Commodity
2018/12/18,115,1,66,Female,3007,Shiga,Kansai,Office Supplies
2018/1/19,116,1,32,Male,1258,Osaka,Kansai,Office Supplies
2018/3/13,116,2,32,Male,2182,Hukuoka,Kyusyuu,Office Supplies
2018/5/2,116,3,32,Male,140776,Hukui,Tyubu,Furniture
2018/6/19,116,4,32,Male,41664,Toyama,Tyubu,Commodity
2018/9/28,117,1,49,Male,13540,Hiroshima,Tyugoku,Commodity
2018/7/7,118,1,49,Male,4278,Hokkaido,Hokkaido,Office Supplies
2018/4/24,119,1,66,Female,1693,Aichi,Tyubu,Office Supplies
2018/8/10,119,2,66,Female,5503,Kagawa,Shikoku,Commodity
2018/8/12,119,3,66,Female,28700,Nagono,Tyubu,Commodity
2018/9/4,119,4,66,Female,2348,Niigata,Tyubu,Office Supplies
2018/9/15,119,5,66,Female,14630,Hyogo,Kansai,Office Supplies
2018/11/1,119,6,66,Female,15990,Hukuoka,Kyusyuu,Furniture
2018/1/3,120,1,66,Female,67118,Osaka,Kansai,Furniture
2018/2/11,120,2,66,Female,2183,Aichi,Tyubu,Office Supplies
2018/2/12,120,3,66,Female,1472,Hokkaido,Hokkaido,Office Supplies
2018/2/16,120,4,66,Female,7130,Shizuoka,Tyubu,Office Supplies
2018/3/15,120,5,66,Female,71758,Hukui,Tyubu,Furniture
2018/4/16,120,6,66,Female,406,Kumamoto,Kyusyuu,Office Supplies
2018/2/27,121,1,30,Male,54020,Hokkaido,Hokkaido,Furniture
2018/2/11,122,1,56,Female,1150,Hukushima,Touhoku,Office Supplies
2018/7/29,123,1,49,Male,557,Nagono,Tyubu,Office Supplies
2018/10/12,124,1,49,Male,3386,Kagawa,Shikoku,Office Supplies
2018/1/27,125,1,49,Male,1118,Osaka,Kansai,Office Supplies
2018/5/28,126,1,66,Male,4750,Niigata,Tyubu,Office Supplies
2018/11/18,126,2,66,Male,77460,Wakayama,Kansai,Furniture
2018/3/20,127,1,49,Male,7530,Saitama,Kanto,Commodity
2018/9/3,128,1,29,Male,3162,Saitama,Kanto,Office Supplies
2018/1/4,129,1,49,Male,2939,Niigata,Tyubu,Office Supplies
2018/3/3,129,2,49,Male,23694,Yamaguchi,Tyugoku,Commodity
2018/5/27,130,1,29,Male,429,Chiba,Kanto,Office Supplies
2018/1/11,131,1,30,Male,2264,Hokkaido,Hokkaido,Office Supplies
2018/5/17,131,2,30,Male,1682,Ibaraki,Kanto,Office Supplies
2018/12/11,132,1,30,Female,3221,Saitama,Kanto,Office Supplies
2018/4/3,133,1,60,Male,2186,Aichi,Tyubu,Office Supplies
2018/4/11,133,2,60,Male,2445,Hokkaido,Hokkaido,Office Supplies
2018/7/12,133,3,60,Male,6983,Kagoshima,Kyusyuu,Furniture
2018/10/20,133,4,60,Male,10724,Aichi,Tyubu,Commodity
2018/11/9,133,5,60,Male,15170,Akita,Touhoku,Commodity
2018/11/16,133,6,60,Male,5215,Yamanashi,Tyubu,Furniture
2018/12/18,133,7,60,Male,1591,Mie,Kansai,Office Supplies
2018/2/27,134,1,58,Male,839,Niigata,Tyubu,Office Supplies
2018/3/4,134,2,58,Male,509,Saitama,Kanto,Office Supplies
2018/7/21,134,3,58,Male,38411,Osaka,Kansai,Furniture
2018/9/4,134,4,58,Male,1928,Hyogo,Kansai,Office Supplies
2018/6/6,135,1,40,Female,4557,Hokkaido,Hokkaido,Office Supplies
2018/2/13,136,1,40,Male,4420,Aichi,Tyubu,Office Supplies
2018/6/19,137,1,40,Male,11723,Chiba,Kanto,Office Supplies
2018/9/23,138,1,40,Female,40335,Nagasaki,Kyusyuu,Furniture
2018/3/15,139,1,34,Male,16766,Aichi,Tyubu,Commodity
2018/4/17,140,1,59,Female,15267,Tokyo,Kanto,Furniture
2018/8/8,140,2,59,Female,2974,Osaka,Kansai,Office Supplies
2018/10/10,141,1,27,Male,131,Osaka,Kansai,Office Supplies
2018/10/5,142,1,57,Male,2522,Nagasaki,Kyusyuu,Office Supplies
2018/10/5,142,2,57,Male,15156,Hokkaido,Hokkaido,Commodity
2018/10/8,142,3,57,Male,376,Yamaguchi,Tyugoku,Office Supplies
2018/10/10,142,4,57,Male,42992,Chiba,Kanto,Commodity
2018/11/21,142,5,57,Male,67235,Hiroshima,Tyugoku,Furniture
2018/12/10,142,6,57,Male,2653,Yamaguchi,Tyugoku,Office Supplies
2018/9/13,143,1,51,Male,3110,Aichi,Tyubu,Commodity
2018/11/18,144,1,51,Male,3707,Hyogo,Kansai,Furniture
2018/10/16,145,1,51,Male,6410,Hokkaido,Hokkaido,Furniture
2018/7/26,146,1,34,Male,8930,Hiroshima,Tyugoku,Commodity
2018/5/3,147,1,34,Male,16194,Hukuoka,Kyusyuu,Commodity
2018/3/15,148,1,33,Male,76451,Shizuoka,Tyubu,Furniture
2018/8/1,148,2,33,Male,1970,Kagoshima,Kyusyuu,Commodity
2018/7/6,149,1,59,Male,12418,Oita,Kyusyuu,Commodity
2018/6/4,150,1,57,Male,2323,Tokyo,Kanto,Office Supplies
2018/8/7,151,1,25,Female,40110,Aichi,Tyubu,Furniture
2018/8/12,152,1,59,Male,12817,Tochigi,Kanto,Commodity
2018/8/12,153,1,59,Male,32412,Kagoshima,Kyusyuu,Commodity
2018/3/5,154,1,40,Female,7597,Kyoto,Kansai,Furniture
2018/9/14,155,1,52,Female,1730,Miyagi,Kyusyuu,Office Supplies
2018/9/17,156,1,42,Female,19007,Kanagawa,Kanto,Furniture
2018/3/11,157,1,57,Female,3426,Hyogo,Kansai,Furniture
2018/1/6,158,1,47,Male,30589,Hukuoka,Kyusyuu,Commodity
2018/6/20,159,1,42,Female,13570,Ibaraki,Kanto,Commodity
2018/1/8,160,1,40,Male,27604,Tochigi,Kanto,Furniture
2018/3/10,160,2,40,Male,38308,Toyama,Tyubu,Commodity
2018/4/15,160,3,40,Male,9801,Mie,Kansai,Furniture
2018/7/17,160,4,40,Male,2417,Hokkaido,Hokkaido,Office Supplies
2018/8/2,160,5,40,Male,13254,Kagoshima,Kyusyuu,Furniture
2018/8/7,160,6,40,Male,24263,Tokyo,Kanto,Furniture
2018/10/12,160,7,40,Male,2292,Miyagi,Touhoku,Commodity
2018/11/30,160,8,40,Male,55,Okayama,Tyugoku,Office Supplies
2018/3/10,161,1,57,Male,6100,Kochi,Shikoku,Office Supplies
2018/3/11,162,1,57,Male,19083,Hukuoka,Kyusyuu,Commodity
2018/1/5,163,1,59,Male,1108,Shimane,Tyugoku,Office Supplies
2018/8/4,163,2,59,Male,5969,Shizuoka,Tyubu,Office Supplies
2018/8/4,164,1,59,Male,33634,Nagasaki,Kyusyuu,Commodity
2018/1/26,165,1,66,Male,1530,Osaka,Kansai,Office Supplies
2018/3/3,165,2,66,Male,829,Hyogo,Kansai,Office Supplies
2018/9/11,165,3,66,Male,4461,Hukui,Tyubu,Commodity
2018/4/20,166,1,21,Male,1124,Saitama,Kanto,Office Supplies
2018/7/31,167,1,21,Male,667,Aichi,Tyubu,Office Supplies
2018/1/24,168,1,21,Male,1239,Chiba,Kanto,Office Supplies
2018/10/18,169,1,21,Male,31724,Saitama,Kanto,Furniture
2018/3/30,170,1,21,Male,11576,Hukuoka,Kyusyuu,Office Supplies
2018/9/30,171,1,67,Female,1242,Hokkaido,Hokkaido,Office Supplies
2018/3/24,172,1,67,Male,1833,Miyagi,Touhoku,Office Supplies
2018/4/27,172,2,67,Male,3075,Hukuoka,Kyusyuu,Office Supplies
2018/5/31,172,3,67,Male,5592,Yamagata,Touhoku,Furniture
2018/7/21,172,4,67,Male,13821,Toyama,Tyubu,Office Supplies
2018/7/23,172,5,67,Male,31328,Gunma,Kanto,Commodity
2018/10/26,172,6,67,Male,18115,Gunma,Kanto,Furniture
2018/11/25,172,7,67,Male,7168,Nagono,Tyubu,Furniture
2018/6/12,173,1,54,Male,276,Kagoshima,Kyusyuu,Office Supplies
2018/7/16,173,2,54,Male,651,Chiba,Kanto,Commodity
2018/5/17,174,1,46,Female,14920,Saitama,Kanto,Furniture
2018/8/6,175,1,46,Male,3298,Saitama,Kanto,Office Supplies
2018/5/21,176,1,46,Male,2950,Shiga,Kansai,Office Supplies
2018/6/29,177,1,66,Female,252,Ibaraki,Kanto,Office Supplies
2018/11/5,178,1,25,Female,698,Saitama,Kanto,Office Supplies
2018/3/15,179,1,24,Male,2096,Aichi,Tyubu,Office Supplies
2018/2/24,180,1,24,Male,24190,Saitama,Kanto,Furniture
2018/4/9,181,1,26,Male,14914,Niigata,Tyubu,Commodity
2018/8/14,181,2,26,Male,12428,Miyagi,Touhoku,Commodity
2018/10/2,181,3,26,Male,51948,Ishikawa,Tyubu,Furniture
2018/5/2,182,1,26,Male,10730,Chiba,Kanto,Furniture
2018/6/27,183,1,24,Male,556,Gihu,Tyubu,Office Supplies
2018/2/26,184,1,24,Male,54413,Niigata,Tyubu,Furniture
2018/3/15,184,2,24,Male,19451,Gunma,Kanto,Furniture
2018/2/26,185,1,24,Male,12476,Iwate,Touhoku,Commodity
2018/12/13,186,1,60,Female,27350,Tokyo,Kanto,Commodity
2018/3/15,187,1,60,Female,21078,Yamagata,Touhoku,Furniture
2018/7/19,188,1,60,Female,13807,Tokyo,Kanto,Furniture
2018/1/5,189,1,55,Male,1444,Aichi,Tyubu,Office Supplies
2018/1/21,189,2,55,Male,1367,Kagoshima,Kyusyuu,Office Supplies
2018/5/13,189,3,55,Male,19703,Yamaguchi,Tyugoku,Commodity
2018/6/22,189,4,55,Female,3255,Shizuoka,Tyubu,Office Supplies
2018/4/30,190,1,42,Male,35305,Saga,Kyusyuu,Furniture
2018/2/24,191,1,42,Male,18335,Shizuoka,Tyubu,Furniture
2018/5/21,192,1,42,Female,1834,Osaka,Kansai,Furniture
2018/9/17,192,2,42,Female,1842,Nagono,Tyubu,Office Supplies
2018/2/24,193,1,42,Male,14928,Saitama,Kanto,Furniture
2018/3/18,193,2,42,Male,1521,Osaka,Kansai,Office Supplies
2018/4/30,193,3,42,Male,1927,Yamanashi,Tyubu,Office Supplies
2018/5/21,193,4,42,Male,4928,Hiroshima,Tyugoku,Furniture
2018/5/24,193,5,42,Male,10444,Ibaraki,Kanto,Furniture
2018/7/9,193,6,42,Male,1163,Chiba,Kanto,Office Supplies
2018/7/15,193,7,42,Male,4631,Mie,Kansai,Office Supplies
2018/10/18,193,8,42,Male,4360,Miyagi,Touhoku,Furniture
2018/2/2,194,1,42,Male,13241,Saitama,Kanto,Commodity
2018/4/22,194,2,42,Male,3243,Yamanashi,Tyubu,Office Supplies
2018/6/20,195,1,37,Male,1846,Osaka,Kansai,Office Supplies
2018/4/27,196,1,67,Male,1928,Nagasaki,Kyusyuu,Office Supplies
2018/2/21,197,1,37,Male,389,Yamaguchi,Tyugoku,Office Supplies
2018/6/15,198,1,37,Male,3116,Aomori,Touhoku,Commodity
2018/5/21,199,1,49,Male,605,Nagono,Tyubu,Office Supplies
2018/2/14,200,1,29,Male,15364,Shizuoka,Tyubu,Office Supplies
2018/2/24,201,1,29,Male,10899,Gihu,Tyubu,Commodity
2018/4/10,202,1,65,Female,4286,Shizuoka,Tyubu,Commodity
2018/3/26,203,1,37,Male,4910,Chiba,Kanto,Office Supplies
2018/4/10,203,2,37,Male,13403,Ehime,Shikoku,Commodity
2018/4/12,203,3,37,Male,3015,Hukushima,Touhoku,Office Supplies
2018/5/17,203,4,37,Male,2704,Miyagi,Kyusyuu,Office Supplies
2018/7/13,203,5,37,Male,4211,Nagono,Tyubu,Furniture
2018/8/4,203,6,37,Male,5557,Shizuoka,Tyubu,Office Supplies
2018/11/26,203,7,37,Male,13003,Hukui,Tyubu,Commodity
2018/12/2,203,8,37,Male,1831,Kyoto,Kansai,Office Supplies
2018/6/1,204,1,26,Female,1869,Osaka,Kansai,Office Supplies
2018/7/15,204,2,26,Female,976,Ibaraki,Kanto,Office Supplies
2018/3/15,205,1,56,Female,542,Saitama,Kanto,Office Supplies
2018/3/19,205,2,26,Female,2227,Okayama,Tyugoku,Office Supplies
2018/5/23,205,3,26,Female,23456,Hukui,Tyubu,Furniture
2018/5/31,205,4,26,Female,218,Iwate,Touhoku,Office Supplies
2018/6/7,205,5,26,Female,37861,Hokkaido,Hokkaido,Furniture
2018/6/22,205,6,26,Female,15794,Shizuoka,Tyubu,Office Supplies
2018/7/4,205,7,26,Female,89369,Aichi,Tyubu,Commodity
2018/7/15,205,8,26,Female,34376,Hukuoka,Kyusyuu,Commodity
2018/8/21,205,9,26,Female,2292,Mie,Kansai,Commodity
2018/8/22,205,10,26,Female,28822,Shiga,Kansai,Office Supplies
2018/9/11,205,11,26,Female,13585,Tokyo,Kanto,Furniture
2018/9/30,205,12,56,Female,1990,Hukuoka,Kyusyuu,Office Supplies
2018/10/7,205,13,26,Female,15983,Tokyo,Kanto,Commodity
2018/11/15,205,14,26,Female,-105,Kagoshima,Kyusyuu,Office Supplies
2018/4/7,206,1,25,Male,958,Saitama,Kanto,Office Supplies
2018/4/19,207,1,45,Male,1774,Chiba,Kanto,Office Supplies
2018/6/23,208,1,34,Male,18812,Yamaguchi,Tyugoku,Commodity
2018/2/19,209,1,39,Male,3363,Niigata,Tyubu,Commodity
2018/4/4,209,2,39,Male,1690,Aomori,Touhoku,Office Supplies
2018/5/13,209,3,39,Male,6259,Chiba,Kanto,Furniture
2018/5/26,209,4,39,Male,11350,Hokkaido,Hokkaido,Commodity
2018/6/22,209,5,39,Male,108553,Shizuoka,Tyubu,Furniture
2018/8/5,209,6,39,Male,15123,Hyogo,Kansai,Furniture
2018/10/20,209,7,39,Male,30514,Hiroshima,Tyugoku,Commodity
2018/11/1,209,8,39,Male,-537,Hokkaido,Hokkaido,Office Supplies
2018/5/26,210,1,55,Male,18608,Aichi,Tyubu,Furniture
2018/6/11,210,2,55,Male,16176,Gihu,Tyubu,Furniture
2018/5/13,211,1,49,Female,17245,Osaka,Kansai,Office Supplies
2018/9/20,212,1,50,Male,12929,Oita,Kyusyuu,Office Supplies
2018/5/9,213,1,50,Male,7656,Yamaguchi,Tyugoku,Commodity
2018/11/19,214,1,50,Male,17952,Mie,Kansai,Furniture
2018/4/6,215,1,55,Male,4463,Niigata,Tyubu,Commodity
2018/6/13,216,1,55,Male,800,Yamaguchi,Tyugoku,Office Supplies
2018/10/17,217,1,55,Male,2213,Shiga,Kansai,Office Supplies
2018/1/30,218,1,34,Male,15991,Ishikawa,Tyubu,Commodity
2018/10/9,219,1,34,Male,6932,Saitama,Kanto,Furniture
2018/6/7,220,1,59,Male,2168,Hiroshima,Tyugoku,Office Supplies
2018/12/9,221,1,59,Male,36461,Ishikawa,Tyubu,Commodity
2018/3/26,222,1,59,Male,28608,Chiba,Kanto,Commodity
2018/5/12,223,1,59,Male,18221,Ibaraki,Kanto,Commodity
2018/6/18,224,1,33,Male,4050,Hokkaido,Hokkaido,Furniture
2018/8/14,225,1,33,Male,4035,Wakayama,Kansai,Office Supplies
2018/8/8,226,1,33,Male,9437,Hokkaido,Hokkaido,Commodity
2018/9/27,227,1,66,Female,19167,Hokkaido,Hokkaido,Furniture
2018/8/23,228,1,37,Male,657,Hokkaido,Hokkaido,Office Supplies
2018/3/1,229,1,37,Male,24598,Hiroshima,Tyugoku,Commodity
2018/9/2,230,1,37,Male,4528,Chiba,Kanto,Office Supplies
2018/10/1,231,1,61,Female,7489,Chiba,Kanto,Office Supplies
2018/12/27,231,2,61,Female,2229,Nagono,Tyubu,Office Supplies
2018/2/7,232,1,43,Male,5015,Kumamoto,Kyusyuu,Office Supplies
2018/2/18,232,2,43,Male,23822,Chiba,Kanto,Commodity
2018/3/17,232,3,43,Male,5542,Aomori,Touhoku,Furniture
2018/5/17,232,4,43,Male,386,Iwate,Touhoku,Office Supplies
2018/5/19,232,5,43,Male,7140,Aichi,Tyubu,Office Supplies
2018/7/18,232,6,43,Male,4908,Gihu,Tyubu,Furniture
2018/7/27,232,7,43,Male,1619,Nara,Kansai,Office Supplies
2018/10/3,232,8,43,Male,949,Nagasaki,Kyusyuu,Office Supplies
2018/5/19,233,1,43,Female,16714,Yamaguchi,Tyugoku,Furniture
2018/4/25,234,1,59,Female,6727,Osaka,Kansai,Commodity
2018/7/4,235,1,32,Male,3057,Shiga,Kansai,Office Supplies
2018/10/29,236,1,59,Male,100,Hukuoka,Kyusyuu,Office Supplies
2018/3/10,237,1,59,Male,1967,Hiroshima,Tyugoku,Office Supplies
2018/11/19,238,1,30,Female,8511,Hukushima,Touhoku,Office Supplies
2018/7/19,239,1,59,Male,61960,Tokyo,Kanto,Furniture
2018/6/2,240,1,59,Male,615,Niigata,Tyubu,Office Supplies
2018/1/12,241,1,44,Female,1087,Gunma,Kanto,Office Supplies
2018/12/5,242,1,44,Male,11577,Okayama,Tyugoku,Furniture
2018/1/8,243,1,34,Male,1571,Niigata,Tyubu,Commodity
2018/1/8,244,1,34,Male,2566,Saitama,Kanto,Commodity
2018/1/2,245,1,51,Male,3245,Hukuoka,Kyusyuu,Office Supplies
2018/3/28,245,2,51,Male,1879,Iwate,Touhoku,Office Supplies
2018/4/4,245,3,51,Male,15808,Hyogo,Kansai,Furniture
2018/4/9,245,4,51,Male,28093,Ibaraki,Kanto,Furniture
2018/8/29,245,5,51,Male,9399,Wakayama,Kansai,Commodity
2018/11/4,245,6,51,Male,1134,Tokyo,Kanto,Office Supplies
2018/1/2,246,1,32,Male,7727,Aichi,Tyubu,Commodity
2018/2/5,246,2,32,Male,1181,Yamaguchi,Tyugoku,Office Supplies
2018/2/13,246,3,32,Male,1894,Tokyo,Kanto,Office Supplies
2018/5/12,246,4,32,Male,2843,Aichi,Tyubu,Furniture
2018/12/21,246,5,32,Male,24058,Kumamoto,Kyusyuu,Commodity
2018/7/15,247,1,46,Female,3004,Gunma,Kanto,Office Supplies
2018/5/28,248,1,22,Male,14205,Oita,Kyusyuu,Office Supplies
2018/3/3,249,1,52,Female,3710,Aichi,Tyubu,Office Supplies
2018/2/2,250,1,22,Male,5639,Hukui,Tyubu,Office Supplies
2018/2/20,250,2,22,Male,415,Wakayama,Kansai,Office Supplies
2018/3/3,250,3,22,Male,12623,Hukuoka,Kyusyuu,Commodity
2018/5/28,250,4,22,Male,4073,Toyama,Tyubu,Commodity
2018/8/4,250,5,22,Male,17587,Shimane,Tyugoku,Commodity
2018/4/3,251,1,55,Male,41201,Niigata,Tyubu,Commodity
2018/7/29,251,2,55,Male,9202,Hokkaido,Hokkaido,Commodity
2018/8/26,251,3,55,Male,10424,Miyagi,Touhoku,Commodity
2018/11/1,251,4,55,Male,6036,Hyogo,Kansai,Furniture
2018/11/1,252,1,55,Male,5315,Nagono,Tyubu,Furniture
2018/1/10,253,1,57,Female,14062,Ehime,Shikoku,Furniture
2018/9/3,253,2,57,Female,10266,Hokkaido,Hokkaido,Office Supplies
2018/10/28,253,3,57,Female,18331,Miyagi,Touhoku,Furniture
2018/4/28,254,1,67,Female,5644,Kagawa,Shikoku,Commodity
2018/2/11,255,1,69,Male,78884,Ishikawa,Tyubu,Furniture
2018/6/29,255,2,69,Male,446,Hokkaido,Hokkaido,Office Supplies
2018/6/29,255,3,69,Male,18277,Kyoto,Kansai,Commodity
2018/8/7,255,4,69,Male,981,Hokkaido,Hokkaido,Office Supplies
2018/2/7,256,1,58,Female,1671,Hukuoka,Kyusyuu,Office Supplies
2018/5/4,256,2,58,Female,5768,Hukushima,Touhoku,Furniture
2018/7/3,256,3,58,Male,13750,Saga,Kyusyuu,Commodity
2018/7/22,256,4,58,Male,1437,Niigata,Tyubu,Office Supplies
2018/2/7,257,1,58,Female,1483,Hukuoka,Kyusyuu,Office Supplies
2018/3/10,258,1,62,Male,945,Yamagata,Touhoku,Office Supplies
2018/12/30,258,2,62,Male,1995,Tochigi,Kanto,Office Supplies
2018/4/28,259,1,39,Male,5327,Kanagawa,Kanto,Commodity
2018/2/17,260,1,39,Male,50942,Miyagi,Touhoku,Commodity
2018/7/18,261,1,39,Male,11661,Osaka,Kansai,Commodity
2018/6/10,262,1,46,Male,10584,Ibaraki,Kanto,Commodity
2018/1/27,263,1,33,Male,1150,Yamagata,Touhoku,Office Supplies
2018/5/21,263,2,33,Female,7232,Oita,Kyusyuu,Furniture
2018/7/16,263,3,33,Male,2790,Oita,Kyusyuu,Office Supplies
2018/8/18,263,4,33,Male,1100,Akita,Touhoku,Office Supplies
2018/10/3,263,5,33,Male,641,Hukuoka,Kyusyuu,Office Supplies
2018/11/23,263,6,33,Male,37900,Kumamoto,Kyusyuu,Furniture
2018/1/21,264,1,33,Female,49900,Niigata,Tyubu,Furniture
2018/11/23,264,2,33,Female,5574,Kumamoto,Kyusyuu,Office Supplies
2018/1/19,265,1,56,Male,11136,Osaka,Kansai,Furniture
2018/3/19,265,2,56,Male,16359,Iwate,Touhoku,Furniture
2018/3/26,265,3,56,Male,6247,Saitama,Kanto,Furniture
2018/4/10,265,4,56,Male,11710,Hukuoka,Kyusyuu,Commodity
2018/5/17,265,5,56,Male,17779,Saitama,Kanto,Commodity
2018/6/18,265,6,56,Male,7686,Kanagawa,Kanto,Office Supplies
2018/7/25,265,7,56,Male,2256,Hiroshima,Tyugoku,Office Supplies
2018/8/15,265,8,56,Male,1993,Hokkaido,Hokkaido,Office Supplies
2018/9/3,265,9,56,Male,21032,Osaka,Kansai,Furniture
2018/10/25,265,10,56,Male,38120,Osaka,Kansai,Furniture
2018/12/16,265,11,56,Male,16987,Tokyo,Kanto,Commodity
2018/12/19,265,12,56,Male,5960,Gihu,Tyubu,Office Supplies
2018/6/10,266,1,26,Male,1616,Chiba,Kanto,Office Supplies
2018/6/8,267,1,56,Male,2581,Osaka,Kansai,Office Supplies
2018/9/12,267,2,56,Male,3447,Aichi,Tyubu,Office Supplies
2018/11/30,267,3,56,Male,2625,Niigata,Tyubu,Office Supplies
2018/12/20,267,4,56,Male,23007,Saitama,Kanto,Commodity
2018/9/9,268,1,56,Female,19703,Tokyo,Kanto,Commodity
2018/6/14,269,1,54,Male,14937,Miyagi,Kyusyuu,Commodity
2018/4/12,270,1,59,Male,14200,Saitama,Kanto,Furniture
2018/12/11,270,2,29,Male,16276,Shizuoka,Tyubu,Office Supplies
2018/4/24,271,1,59,Male,14329,Hiroshima,Tyugoku,Furniture
2018/4/27,271,2,59,Male,20775,Aichi,Tyubu,Furniture
2018/5/21,271,3,59,Male,1702,Kagoshima,Kyusyuu,Office Supplies
2018/10/23,271,4,59,Male,2854,Aichi,Tyubu,Office Supplies
2018/12/11,271,5,59,Male,7576,Kagoshima,Kyusyuu,Furniture
2018/7/18,272,1,64,Male,1371,Shizuoka,Tyubu,Furniture
2018/1/16,273,1,64,Male,2093,Aomori,Touhoku,Office Supplies
2018/5/12,273,2,64,Male,1182,Yamanashi,Tyubu,Office Supplies
2018/7/18,273,3,64,Male,2428,Gunma,Kanto,Furniture
2018/8/20,273,4,64,Male,250,Kumamoto,Kyusyuu,Office Supplies
2018/12/28,273,5,64,Male,7086,Akita,Touhoku,Office Supplies
2018/12/27,274,1,27,Male,15410,Hukuoka,Kyusyuu,Commodity
2018/1/9,275,1,62,Male,1878,Mie,Kansai,Office Supplies
2018/1/31,275,2,62,Male,23510,Kagoshima,Kyusyuu,Commodity
2018/3/22,275,3,62,Male,15862,Saga,Kyusyuu,Furniture
2018/5/9,275,4,62,Male,25219,Mie,Kansai,Commodity
2018/5/12,275,5,62,Male,7326,Ibaraki,Kanto,Furniture
2018/6/6,276,1,38,Male,10336,Kagawa,Shikoku,Furniture
2018/7/7,276,2,38,Male,5473,Kyoto,Kansai,Office Supplies
2018/9/4,276,3,38,Male,1364,Gihu,Tyubu,Office Supplies
2018/10/28,276,4,38,Male,2075,Hukushima,Touhoku,Office Supplies
2018/1/12,277,1,50,Male,17673,Aomori,Touhoku,Office Supplies
2018/6/7,277,2,50,Male,1646,Niigata,Tyubu,Office Supplies
2018/7/3,277,3,50,Male,15498,Hukui,Tyubu,Commodity
2018/11/1,277,4,50,Male,44926,Hukushima,Touhoku,Furniture
2018/11/15,277,5,50,Male,2545,Kochi,Shikoku,Office Supplies
2018/4/22,278,1,50,Female,19174,Chiba,Kanto,Furniture
2018/1/11,279,1,30,Male,2807,Hyogo,Kansai,Office Supplies
2018/4/22,279,2,30,Male,4713,Osaka,Kansai,Office Supplies
2018/6/27,279,3,30,Male,493,Miyagi,Touhoku,Office Supplies
2018/11/30,279,4,30,Male,2722,Chiba,Kanto,Office Supplies
2018/3/19,280,1,39,Female,7877,Aichi,Tyubu,Office Supplies
2018/2/16,281,1,59,Female,1777,Saitama,Kanto,Office Supplies
2018/3/19,282,1,39,Male,35173,Wakayama,Kansai,Commodity
2018/4/15,282,2,39,Male,70973,Iwate,Touhoku,Furniture
2018/6/3,282,3,39,Male,13373,Ibaraki,Kanto,Furniture
2018/6/21,282,4,39,Male,10379,Akita,Touhoku,Furniture
2018/7/15,282,5,39,Male,45098,Tochigi,Kanto,Commodity
2018/9/24,282,6,39,Male,17030,Iwate,Touhoku,Furniture
2018/10/9,282,7,39,Male,17382,Iwate,Touhoku,Commodity
2018/11/1,282,8,39,Male,44982,Osaka,Kansai,Furniture
2018/2/5,283,1,35,Female,1970,Aichi,Tyubu,Commodity
2018/2/23,283,2,35,Male,34452,Ehime,Shikoku,Furniture
2018/4/21,283,3,35,Male,6449,Kumamoto,Kyusyuu,Commodity
2018/5/2,283,4,35,Male,1700,Kyoto,Kansai,Office Supplies
2018/8/28,283,5,35,Female,8644,Aichi,Tyubu,Furniture
2018/10/8,283,6,35,Female,9252,Shimane,Tyugoku,Furniture
2018/12/14,283,7,35,Female,1215,Okayama,Tyugoku,Office Supplies
2018/2/16,284,1,45,Male,15340,Okayama,Tyugoku,Furniture
2018/5/2,285,1,51,Male,1269,Oita,Kyusyuu,Office Supplies
2018/5/20,285,2,51,Male,692,Saitama,Kanto,Office Supplies
2018/11/17,285,3,51,Male,38600,Shizuoka,Tyubu,Commodity
2018/10/22,286,1,27,Male,270,Shizuoka,Tyubu,Office Supplies
2018/5/20,287,1,22,Male,432,Hokkaido,Hokkaido,Office Supplies
2018/3/7,288,1,47,Male,426,Osaka,Kansai,Office Supplies
2018/8/3,288,2,27,Male,1282,Kagoshima,Kyusyuu,Office Supplies
2018/8/13,288,3,27,Male,1448,Chiba,Kanto,Office Supplies
2018/9/19,288,4,47,Male,9294,Saitama,Kanto,Office Supplies
2018/10/22,288,5,47,Male,24246,Shizuoka,Tyubu,Furniture
2018/4/12,289,1,22,Male,22865,Niigata,Tyubu,Furniture
2018/6/26,290,1,35,Male,1904,Saitama,Kanto,Office Supplies
2018/1/10,291,1,37,Female,15289,Gunma,Kanto,Furniture
2018/6/1,291,2,37,Male,1534,Wakayama,Kansai,Office Supplies
2018/7/27,291,3,37,Female,15938,Hyogo,Kansai,Commodity
2018/1/7,292,1,25,Male,1326,Miyagi,Kyusyuu,Office Supplies
2018/1/9,292,2,25,Male,482,Saitama,Kanto,Office Supplies
2018/1/29,292,3,25,Male,600,Tokyo,Kanto,Office Supplies
2018/3/19,292,4,45,Male,7633,Okayama,Tyugoku,Office Supplies
2018/9/6,292,5,45,Male,13584,Hokkaido,Hokkaido,Furniture
2018/10/30,293,1,42,Female,3468,Hokkaido,Hokkaido,Commodity
2018/2/6,294,1,22,Male,16665,Toyama,Tyubu,Furniture
2018/2/6,295,1,22,Male,1949,Aichi,Tyubu,Office Supplies
2018/6/20,295,2,22,Male,2227,Yamagata,Touhoku,Office Supplies
2018/7/30,295,3,22,Male,1466,Tottori,Tyugoku,Office Supplies
2018/9/14,295,4,22,Male,6650,Ibaraki,Kanto,Office Supplies
2018/1/5,296,1,32,Male,1328,Shizuoka,Tyubu,Office Supplies
2018/1/21,296,2,32,Male,18471,Kumamoto,Kyusyuu,Furniture
2018/4/29,296,3,32,Male,10108,Okayama,Tyugoku,Commodity
2018/7/9,296,4,32,Male,11425,Wakayama,Kansai,Office Supplies
2018/7/31,296,5,32,Male,392,Hukushima,Touhoku,Office Supplies
2018/2/19,297,1,66,Male,30039,Hukuoka,Kyusyuu,Commodity
2018/6/4,297,2,66,Male,17718,Hukushima,Touhoku,Office Supplies
2018/6/13,297,3,66,Male,8383,Yamagata,Touhoku,Office Supplies
2018/9/18,298,1,51,Male,6573,Gihu,Tyubu,Commodity
2018/5/27,299,1,49,Female,1549,Chiba,Kanto,Furniture
2018/10/6,299,2,49,Female,875,Kagoshima,Kyusyuu,Office Supplies
2018/10/23,299,3,49,Female,1499,Saitama,Kanto,Office Supplies
2018/11/28,299,4,49,Female,3000,Tokyo,Kanto,Office Supplies
2018/11/30,300,1,31,Male,3695,Chiba,Kanto,Office Supplies
2018/1/18,301,1,31,Male,624,Gihu,Tyubu,Office Supplies
2018/5/26,301,2,31,Male,11582,Toyama,Tyubu,Furniture
2018/6/27,301,3,31,Male,6179,Gihu,Tyubu,Office Supplies
2018/10/19,301,4,31,Male,11444,Kanagawa,Kanto,Furniture
2018/10/19,301,5,31,Male,3029,Hyogo,Kansai,Commodity
2018/11/30,301,6,41,Male,25,Ehime,Shikoku,Office Supplies
2018/2/10,302,1,58,Male,4878,Tottori,Tyugoku,Furniture
2018/4/12,302,2,58,Male,14287,Ibaraki,Kanto,Furniture
2018/4/27,302,3,58,Male,15284,Saga,Kyusyuu,Furniture
2018/5/2,302,4,58,Male,2151,Ibaraki,Kanto,Office Supplies
2018/6/11,302,5,58,Male,16031,Saga,Kyusyuu,Furniture
2018/11/28,303,1,49,Female,1778,Chiba,Kanto,Office Supplies
2018/8/14,304,1,42,Male,25300,Chiba,Kanto,Commodity
2018/9/8,304,2,42,Male,8433,Okayama,Tyugoku,Office Supplies
2018/11/24,304,3,42,Male,28520,Chiba,Kanto,Furniture
2018/12/3,304,4,42,Male,32667,Aichi,Tyubu,Commodity
2018/9/8,305,1,42,Male,3242,Mie,Kansai,Office Supplies
2018/12/3,305,2,42,Male,33464,Hukuoka,Kyusyuu,Furniture
2018/1/1,306,1,60,Male,10271,Shizuoka,Tyubu,Commodity
2018/1/17,306,2,60,Male,32021,Hyogo,Kansai,Commodity
2018/6/18,306,3,60,Male,16997,Ibaraki,Kanto,Office Supplies
2018/10/1,307,1,24,Male,42960,Ibaraki,Kanto,Commodity
2018/2/10,308,1,64,Male,35629,Okayama,Tyugoku,Office Supplies
2018/3/10,308,2,64,Male,23011,Iwate,Touhoku,Commodity
2018/4/25,308,3,64,Male,10439,Tokyo,Kanto,Commodity
2018/6/5,308,4,64,Male,1232,Tottori,Tyugoku,Office Supplies
2018/12/8,308,5,64,Male,2109,Shimane,Tyugoku,Office Supplies
2018/5/4,309,1,46,Male,16662,Ibaraki,Kanto,Commodity
2018/7/28,309,2,46,Male,10507,Saga,Kyusyuu,Furniture
2018/8/20,309,3,26,Male,5468,Saitama,Kanto,Commodity
2018/11/1,309,4,46,Male,4006,Hukuoka,Kyusyuu,Office Supplies
2018/2/16,310,1,31,Male,8600,Miyagi,Touhoku,Furniture
2018/3/10,310,2,31,Male,11236,Shiga,Kansai,Commodity
2018/6/3,310,3,31,Male,541,Hukuoka,Kyusyuu,Office Supplies
2018/8/5,310,4,31,Male,5445,Gunma,Kanto,Furniture
2018/12/1,310,5,31,Male,2950,Saitama,Kanto,Office Supplies
2018/7/20,311,1,49,Female,1751,Kumamoto,Kyusyuu,Office Supplies
2018/11/7,312,1,37,Male,23157,Shizuoka,Tyubu,Furniture
2018/10/1,313,1,37,Male,2553,Shiga,Kansai,Office Supplies
2018/5/9,314,1,41,Male,21959,Kyoto,Kansai,Commodity
2018/6/21,314,2,41,Female,59171,Gihu,Tyubu,Furniture
2018/10/17,314,3,41,Female,12852,Kanagawa,Kanto,Commodity
2018/11/9,314,4,41,Male,35451,Niigata,Tyubu,Commodity
2018/10/17,315,1,41,Female,11465,Aomori,Touhoku,Commodity
2018/8/5,316,1,43,Female,71010,Saga,Kyusyuu,Commodity
2018/4/3,317,1,43,Female,23970,Miyagi,Kyusyuu,Furniture
2018/4/20,317,2,43,Female,582,Chiba,Kanto,Office Supplies
2018/4/22,317,3,43,Female,2451,Hukuoka,Kyusyuu,Commodity
2018/8/5,317,4,43,Female,1026,Akita,Touhoku,Office Supplies
2018/8/13,317,5,43,Female,8143,Ishikawa,Tyubu,Office Supplies
2018/9/8,317,6,43,Female,2908,Saitama,Kanto,Office Supplies
2018/11/24,317,7,43,Female,1478,Nara,Kansai,Office Supplies
2018/2/15,318,1,33,Male,1234,Saitama,Kanto,Office Supplies
2018/2/15,319,1,33,Male,72320,Tochigi,Kanto,Furniture
2018/3/3,319,2,33,Male,1167,Gihu,Tyubu,Commodity
2018/9/13,319,3,33,Male,84629,Saga,Kyusyuu,Furniture
2018/9/22,319,4,33,Male,2375,Toyama,Tyubu,Office Supplies
2018/11/28,319,5,33,Male,3712,Kochi,Shikoku,Office Supplies
2018/11/28,320,1,33,Male,12247,Kanagawa,Kanto,Office Supplies
2018/3/9,321,1,67,Male,4020,Mie,Kansai,Furniture
2018/9/16,321,2,67,Male,2407,Osaka,Kansai,Office Supplies
2018/2/12,322,1,66,Male,1696,Chiba,Kanto,Office Supplies
2018/3/29,322,2,66,Male,418,Mie,Kansai,Office Supplies
2018/10/1,322,3,66,Male,19219,Hyogo,Kansai,Office Supplies
2018/12/3,322,4,66,Male,6571,Niigata,Tyubu,Furniture
2018/12/5,322,5,66,Male,14216,Tokyo,Kanto,Office Supplies
2018/4/1,323,1,45,Male,15599,Aomori,Touhoku,Commodity
2018/6/1,323,2,25,Male,48543,Hokkaido,Hokkaido,Commodity
2018/6/7,323,3,45,Male,11061,Aichi,Tyubu,Furniture
2018/7/19,323,4,45,Male,2023,Toyama,Tyubu,Office Supplies
2018/7/31,323,5,25,Male,5278,Kagoshima,Kyusyuu,Office Supplies
2018/9/12,323,6,45,Male,57395,Aichi,Tyubu,Furniture
2018/10/19,324,1,25,Male,2979,Nagono,Tyubu,Office Supplies
2018/2/6,325,1,67,Male,3746,Saitama,Kanto,Office Supplies
2018/5/14,325,2,67,Male,1326,Nagono,Tyubu,Office Supplies
2018/6/29,325,3,67,Male,1985,Aomori,Touhoku,Office Supplies
2018/7/28,325,4,67,Male,793,Gihu,Tyubu,Commodity
2018/9/11,325,5,67,Male,1905,Osaka,Kansai,Office Supplies
2018/9/11,325,6,67,Male,4011,Osaka,Kansai,Office Supplies
2018/4/30,326,1,29,Female,18739,Hukuoka,Kyusyuu,Commodity
2018/7/3,326,2,29,Female,1278,Chiba,Kanto,Office Supplies
2018/12/5,326,3,29,Female,2315,Osaka,Kansai,Office Supplies
2018/12/7,326,4,29,Female,10306,Wakayama,Kansai,Office Supplies
2018/10/2,327,1,55,Female,4000,Hokkaido,Hokkaido,Office Supplies
2018/4/25,328,1,46,Male,42013,Niigata,Tyubu,Commodity
2018/8/4,328,2,46,Male,20035,Aichi,Tyubu,Furniture
2018/2/2,329,1,55,Female,7013,Hukushima,Touhoku,Office Supplies
2018/2/9,329,2,55,Male,13686,Hukushima,Touhoku,Commodity
2018/4/20,329,3,55,Female,95763,Shimane,Tyugoku,Furniture
2018/4/28,329,4,55,Male,16380,Kagawa,Shikoku,Commodity
2018/5/3,329,5,55,Female,9073,Hokkaido,Hokkaido,Office Supplies
2018/8/11,329,6,55,Male,93086,Gihu,Tyubu,Furniture
2018/11/19,329,7,55,Female,1387,Hyogo,Kansai,Office Supplies
2018/11/23,329,8,55,Male,2845,Saga,Kyusyuu,Office Supplies
2018/4/10,330,1,51,Male,7282,Gunma,Kanto,Office Supplies
2018/4/28,330,2,51,Male,17842,Shizuoka,Tyubu,Office Supplies
2018/8/12,330,3,51,Male,12890,Kagoshima,Kyusyuu,Furniture
2018/10/31,330,4,51,Male,28149,Shiga,Kansai,Commodity
2018/12/1,330,5,51,Male,2467,Kagawa,Shikoku,Office Supplies
2018/1/20,331,1,43,Male,8224,Gihu,Tyubu,Office Supplies
2018/2/16,331,2,43,Male,2363,Nagasaki,Kyusyuu,Office Supplies
2018/6/27,331,3,43,Male,38303,Shimane,Tyugoku,Furniture
2018/11/21,331,4,43,Male,14488,Yamagata,Touhoku,Furniture
2018/7/31,332,1,47,Female,1209,Yamaguchi,Tyugoku,Office Supplies
2018/6/13,333,1,67,Female,938,Ehime,Shikoku,Office Supplies
2018/9/24,333,2,67,Female,2148,Osaka,Kansai,Office Supplies
2018/5/20,334,1,67,Female,6192,Hukushima,Touhoku,Furniture
2018/7/31,334,2,67,Male,21044,Hukui,Tyubu,Furniture
2018/8/10,334,3,67,Male,1866,Kumamoto,Kyusyuu,Office Supplies
2018/9/26,334,4,67,Female,3034,Yamanashi,Tyubu,Office Supplies
2018/10/24,334,5,67,Female,763,Akita,Touhoku,Office Supplies
2018/6/7,335,1,31,Female,21110,Iwate,Touhoku,Commodity
2018/11/3,335,2,31,Female,2476,Shizuoka,Tyubu,Office Supplies
2018/12/7,336,1,21,Female,4329,Chiba,Kanto,Furniture
2018/8/13,337,1,20,Male,10815,Okayama,Tyugoku,Commodity
2018/9/13,337,2,20,Male,2304,Gihu,Tyubu,Office Supplies
2018/12/7,337,3,20,Male,2504,Chiba,Kanto,Commodity
2018/1/4,338,1,46,Female,1728,Tottori,Tyugoku,Office Supplies
2018/3/28,339,1,46,Female,25558,Hukui,Tyubu,Office Supplies
2018/1/4,340,1,46,Female,44374,Hokkaido,Hokkaido,Furniture
2018/3/28,340,2,46,Female,1474,Toyama,Tyubu,Office Supplies
2018/9/20,340,3,46,Female,11280,Yamanashi,Tyubu,Furniture
2018/1/20,341,1,29,Male,2544,Hukuoka,Kyusyuu,Office Supplies
2018/2/13,341,2,29,Male,1728,Hukuoka,Kyusyuu,Office Supplies
2018/7/8,341,3,29,Male,11099,Hokkaido,Hokkaido,Commodity
2018/9/16,341,4,29,Male,31175,Kagoshima,Kyusyuu,Furniture
2018/12/25,341,5,29,Male,21339,Yamagata,Touhoku,Furniture
2018/2/28,342,1,42,Male,33177,Tokyo,Kanto,Commodity
2018/9/8,342,2,42,Male,12503,Shizuoka,Tyubu,Commodity
2018/10/8,342,3,42,Male,1599,Nagono,Tyubu,Office Supplies
2018/9/8,343,1,42,Female,12583,Hukushima,Touhoku,Furniture
2018/6/16,344,1,51,Male,310,Niigata,Tyubu,Office Supplies
2018/10/22,344,2,51,Male,6969,Kagawa,Shikoku,Office Supplies
2018/12/22,344,3,51,Male,2455,Osaka,Kansai,Office Supplies
2018/2/11,345,1,32,Male,6065,Shiga,Kansai,Office Supplies
2018/4/12,345,2,32,Male,593,Kyoto,Kansai,Office Supplies
2018/5/12,345,3,32,Male,19673,Osaka,Kansai,Furniture
2018/12/12,346,1,60,Male,2910,Hyogo,Kansai,Office Supplies
2018/1/13,347,1,50,Male,1193,Iwate,Touhoku,Office Supplies
2018/2/9,347,2,50,Male,10886,Chiba,Kanto,Furniture
2018/2/16,347,3,50,Male,2451,Kyoto,Kansai,Office Supplies
2018/3/19,347,4,50,Male,14669,Hukuoka,Kyusyuu,Furniture
2018/4/15,347,5,50,Male,19260,Tokushima,Shikoku,Commodity
2018/5/8,347,6,50,Male,7132,Miyagi,Kyusyuu,Commodity
2018/5/12,347,7,50,Male,7602,Tochigi,Kanto,Office Supplies
2018/6/1,347,8,50,Male,22282,Saitama,Kanto,Office Supplies
2018/7/13,347,9,50,Male,243,Saitama,Kanto,Office Supplies
2018/12/12,347,10,50,Male,19520,Aichi,Tyubu,Furniture
2018/1/25,348,1,46,Male,1084,Hukushima,Touhoku,Office Supplies
2018/10/31,348,2,46,Male,1630,Hyogo,Kansai,Office Supplies
2018/12/9,348,3,46,Male,7453,Miyagi,Touhoku,Office Supplies
2018/4/12,349,1,28,Male,5014,Hokkaido,Hokkaido,Commodity
2018/4/29,349,2,28,Male,30503,Kochi,Shikoku,Commodity
2018/6/28,349,3,28,Male,12602,Miyagi,Kyusyuu,Commodity
2018/3/4,350,1,35,Male,713,Hukushima,Touhoku,Office Supplies
2018/8/9,350,2,35,Male,2182,Hokkaido,Hokkaido,Office Supplies
2018/10/22,350,3,35,Male,17734,Kyoto,Kansai,Furniture
2018/5/17,351,1,46,Male,14540,Chiba,Kanto,Furniture
2018/4/5,352,1,46,Male,14086,Hokkaido,Hokkaido,Furniture
2018/9/21,352,2,46,Female,3551,Osaka,Kansai,Office Supplies
2018/11/18,352,3,46,Female,8539,Nagono,Tyubu,Office Supplies
2018/9/3,353,1,40,Male,10911,Tokyo,Kanto,Office Supplies
2018/11/9,354,1,69,Female,827,Yamanashi,Tyubu,Furniture
2018/2/5,355,1,39,Male,4315,Tochigi,Kanto,Office Supplies
2018/3/8,355,2,39,Male,25595,Oita,Kyusyuu,Commodity
2018/4/15,355,3,39,Male,3039,Ibaraki,Kanto,Office Supplies
2018/4/20,355,4,39,Female,2733,Hukui,Tyubu,Office Supplies
2018/6/7,355,5,39,Male,1265,Hokkaido,Hokkaido,Office Supplies
2018/11/9,355,6,49,Female,9968,Kagoshima,Kyusyuu,Office Supplies
2018/2/10,356,1,29,Male,12760,Yamaguchi,Tyugoku,Furniture
2018/6/1,356,2,29,Male,7870,Kanagawa,Kanto,Commodity
2018/7/5,356,3,29,Male,14684,Hukushima,Touhoku,Furniture
2018/7/14,356,4,29,Male,40967,Akita,Touhoku,Commodity
2018/7/31,357,1,21,Male,117,Nagono,Tyubu,Office Supplies
2018/1/15,358,1,33,Female,4104,Hukuoka,Kyusyuu,Office Supplies
2018/4/4,359,1,51,Female,14933,Yamanashi,Tyubu,Furniture
2018/1/31,360,1,33,Female,4297,Okayama,Tyugoku,Furniture
2018/2/24,360,2,33,Female,1607,Hokkaido,Hokkaido,Office Supplies
2018/9/7,360,3,33,Female,3629,Hyogo,Kansai,Commodity
2018/10/4,360,4,33,Female,10326,Gunma,Kanto,Furniture
2018/12/13,360,5,33,Female,1250,Kyoto,Kansai,Office Supplies
2018/8/7,361,1,25,Female,3292,Chiba,Kanto,Commodity
2018/12/23,361,2,65,Female,25045,Shizuoka,Tyubu,Furniture
2018/1/23,362,1,55,Female,5264,Iwate,Touhoku,Commodity
2018/3/20,362,2,55,Female,10328,Ibaraki,Kanto,Furniture
2018/3/23,363,1,51,Male,1186,Ibaraki,Kanto,Office Supplies
2018/5/12,363,2,51,Male,4108,Osaka,Kansai,Commodity
2018/5/28,363,3,51,Male,9302,Aichi,Tyubu,Office Supplies
2018/7/27,363,4,51,Male,20956,Kagoshima,Kyusyuu,Furniture
2018/8/25,363,5,51,Male,487,Nara,Kansai,Office Supplies
2018/2/15,364,1,31,Female,12938,Hokkaido,Hokkaido,Furniture
2018/3/9,365,1,31,Female,4549,Toyama,Tyubu,Furniture
2018/5/10,365,2,31,Female,857,Nara,Kansai,Office Supplies
2018/7/6,365,3,31,Female,2261,Tochigi,Kanto,Office Supplies
2018/4/3,366,1,55,Female,1998,Osaka,Kansai,Office Supplies
2018/5/23,366,2,55,Female,5903,Chiba,Kanto,Office Supplies
2018/11/22,366,3,55,Female,251,Chiba,Kanto,Office Supplies
2018/1/19,367,1,55,Female,27958,Okayama,Tyugoku,Furniture
2018/8/28,368,1,54,Male,11250,Yamagata,Touhoku,Furniture
2018/1/4,369,1,25,Male,3218,Gihu,Tyubu,Office Supplies
2018/1/27,369,2,48,Male,6403,Tokushima,Shikoku,Office Supplies
2018/2/17,369,3,48,Male,8495,Shiga,Kansai,Furniture
2018/3/8,369,4,25,Male,16932,Hukuoka,Kyusyuu,Commodity
2018/3/30,369,5,25,Male,2284,Nagasaki,Kyusyuu,Office Supplies
2018/4/1,369,6,25,Male,1764,Osaka,Kansai,Office Supplies
2018/8/7,369,7,25,Male,4144,Ishikawa,Tyubu,Commodity
2018/3/7,370,1,25,Male,18317,Miyagi,Kyusyuu,Furniture
2018/4/11,370,2,25,Male,8195,Niigata,Tyubu,Office Supplies
2018/5/23,370,3,25,Male,3987,Yamaguchi,Tyugoku,Commodity
2018/2/24,371,1,31,Male,3134,Ibaraki,Kanto,Office Supplies
2018/5/12,371,2,31,Male,11824,Tokyo,Kanto,Furniture
2018/10/1,371,3,31,Male,3889,Nagono,Tyubu,Office Supplies
2018/4/2,372,1,33,Male,10286,Hukuoka,Kyusyuu,Commodity
2018/7/10,372,2,33,Male,1704,Hukuoka,Kyusyuu,Office Supplies
2018/7/12,372,3,33,Male,5194,Kanagawa,Kanto,Office Supplies
2018/9/23,372,4,33,Male,15675,Chiba,Kanto,Commodity
2018/1/19,373,1,31,Male,2452,Hiroshima,Tyugoku,Commodity
2018/3/31,373,2,31,Male,3134,Miyagi,Touhoku,Furniture
2018/5/12,373,3,31,Male,10169,Iwate,Touhoku,Furniture
2018/6/27,373,4,31,Male,25700,Tokushima,Shikoku,Commodity
2018/9/15,373,5,31,Male,2240,Mie,Kansai,Office Supplies
2018/10/1,374,1,25,Male,1917,Nagono,Tyubu,Office Supplies
2018/6/18,375,1,52,Female,89263,Osaka,Kansai,Furniture
2018/2/10,376,1,52,Male,2429,Ehime,Shikoku,Office Supplies
2018/6/18,376,2,52,Male,8397,Niigata,Tyubu,Commodity
2018/11/16,376,3,52,Male,14104,Hyogo,Kansai,Commodity
2018/6/19,377,1,48,Female,3820,Tokyo,Kanto,Office Supplies
2018/8/28,378,1,40,Male,5301,Shizuoka,Tyubu,Office Supplies
